Non paired count	Structure	Sequence	Start	End	Length unpaired trigger	Length paired trigger	Index	Binding_energy_toehold_mRNA	Binding_energy_toehold	Binding_energy_mRNA	GC content	Protein_sequence
5	.((((....))))	AUACUGCCGGGUAA	3	16	10	4	0	-42.45363998413086	-21.25920295715332	-2.9161126613616943	36.17	MKKIHLAAAQKMRK
8	(....))))....	UGCCGGGUAAUGAU	7	20	10	4	2	-43.49422073364258	-21.015439987182617	-2.9161126613616943	38.3	MKKCHLAAAQKMRK
9	....)))).....	GCCGGGUAAUGAUG	8	21	10	4	3	-46.07982635498047	-23.259204864501953	-2.9161126613616943	40.43	MKKADLAAAQKMRK
7	((....))))...	CUGCCGGGUAAUGA	6	19	10	4	1	-47.82299041748047	-22.86638832092285	-2.9161126613616943	39.36	MKKLHLAAAQKMRK
9	...))))......	CCGGGUAAUGAUGG	9	22	10	4	4	-48.30323791503906	-26.859201431274414	-2.9161126613616943	40.43	MKKPDLAAAQKMRK
