Non paired count	Structure	Sequence	Start	End	Length unpaired trigger	Length paired trigger	Index	Binding_energy_toehold_mRNA	Binding_energy_toehold	Binding_energy_mRNA	GC content	Protein_sequence
4	((((...))))).	AUCAGACUGAUGUU	7	20	10	4	3	-37.18712615966797	-19.559200286865234	-3.030900478363037	34.04	MKKINLAAAQKMRK
4	(.(((((...)))	CUUAUCAGACUGAU	4	17	10	4	1	-37.7412109375	-19.396718978881836	-3.030900478363037	34.04	MKKLNLAAAQKMRK
6	..(.(((((...)	AGCUUAUCAGACUG	2	15	10	4	0	-39.54595947265625	-22.859203338623047	-3.030900478363037	36.17	MKKSYLAAAQKMRK
5	(((...)))))..	UCAGACUGAUGUUG	8	21	10	4	4	-40.01215362548828	-25.359203338623047	-3.030900478363037	36.17	MKKSDLAAAQKMRK
4	.(((((...))))	UUAUCAGACUGAUG	5	18	10	4	2	-40.29254913330078	-20.25920295715332	-3.030900478363037	32.98	MKKLYLAAAQKMRK
