Non paired count	Structure	Sequence	Start	End	Length unpaired trigger	Length paired trigger	Index	Binding_energy_toehold_mRNA	Binding_energy_toehold	Binding_energy_mRNA	GC content	Protein_sequence
8	.....(((((...	CAUCUUCCAGUACA	1	14	10	4	0	-37.63808822631836	-21.886194229125977	-3.8352785110473633	36.17	MFFFFIQKQRRYNMKKHHLAAAQKMRK
7	(((((.......)	UCCAGUACAGUGUU	6	19	10	4	3	-38.03361511230469	-21.23101806640625	-3.8352785110473633	36.17	MKKSNLAAAQKMRK
8	....(((((....	AUCUUCCAGUACAG	2	15	10	4	1	-40.21805953979492	-27.559200286865234	-3.8352785110473633	35.11	MKKIYLAAAQKMRK
7	((((.......))	CCAGUACAGUGUUG	7	20	10	4	4	-40.8528938293457	-23.059202194213867	-3.8352785110473633	38.3	MKKPDLAAAQKMRK
7	(((.......)))	CAGUACAGUGUUGG	8	21	10	4	5	-41.17290115356445	-27.359203338623047	-3.8352785110473633	37.23	MKKQYLAAAQKMRK
8	..(((((......	CUUCCAGUACAGUG	4	17	10	4	2	-42.393043518066406	-22.43101692199707	-3.8352785110473633	37.23	MKKLHLAAAQKMRK
